{"cameraMode":{"drawMode":0,"name":"Shaded","section":"Shading Mode"},"sceneLighting":false,"audioPlay":false,"sceneViewState":{"m_AlwaysRefresh":true,"showFog":true,"showSkybox":true,"showFlares":true,"showImageEffects":true,"showParticleSystems":true,"showVisualEffectGraphs":true,"m_FxEnabled":true},"in2DMode":false,"pivot":{"x":-2.6559438705444338,"y":6.711403846740723,"z":3.2934982776641847},"rotation":{"x":-0.29189592599868777,"y":-0.2555963099002838,"z":0.08124688267707825,"w":-0.9181503057479858},"size":0.8396992087364197,"orthographic":false}