{"cameraMode":{"drawMode":0,"name":"Shaded","section":"Shading Mode"},"sceneLighting":false,"audioPlay":false,"sceneViewState":{"m_AlwaysRefresh":true,"showFog":true,"showSkybox":true,"showFlares":true,"showImageEffects":true,"showParticleSystems":true,"showVisualEffectGraphs":true,"m_FxEnabled":true},"in2DMode":false,"pivot":{"x":0.6104766726493836,"y":5.978975296020508,"z":-5.762401103973389},"rotation":{"x":-0.19123464822769166,"y":-0.04504634439945221,"z":0.008763236925005913,"w":-0.9805465936660767},"size":0.8396992087364197,"orthographic":false}