{"cameraMode":{"drawMode":0,"name":"Shaded","section":"Shading Mode"},"sceneLighting":false,"audioPlay":false,"sceneViewState":{"m_AlwaysRefresh":true,"showFog":true,"showSkybox":false,"showFlares":true,"showImageEffects":true,"showParticleSystems":true,"showVisualEffectGraphs":true,"m_FxEnabled":true},"in2DMode":false,"pivot":{"x":0.01016320288181305,"y":0.0067102909088134769,"z":-0.07922828197479248},"rotation":{"x":-0.4264149069786072,"y":0.07663761079311371,"z":-0.03629802539944649,"w":-0.9005930423736572},"size":0.7574216723442078,"orthographic":false}